model,feature,mean_importance,std_importance
future_physical_progress_decline_1m__logistic_regression__all,original_cost_cr,3.5063257763652544e-05,8.375592153465135e-05
future_physical_progress_decline_1m__logistic_regression__all,cumulative_expenditure_cr,1.4974228990247834e-05,9.346398501579112e-05
future_physical_progress_decline_1m__logistic_regression__all,physical_progress_pct,0.0010307447018436389,0.00042210978959314433
future_physical_progress_decline_1m__logistic_regression__all,report_month_gap,0.0,0.0
future_physical_progress_decline_1m__logistic_regression__all,physical_progress_lag_1,0.0,0.0
future_physical_progress_decline_1m__logistic_regression__all,physical_progress_change_1m,0.0,0.0
future_physical_progress_decline_1m__logistic_regression__all,physical_progress_acceleration_1m,0.0,0.0
future_physical_progress_decline_1m__logistic_regression__all,cumulative_expenditure_lag_1,0.0,0.0
future_physical_progress_decline_1m__logistic_regression__all,cumulative_expenditure_change_1m,0.0,0.0
future_physical_progress_decline_1m__logistic_regression__all,expenditure_pct_original_cost,-0.00048567788471658645,0.0005642475346163911
future_physical_progress_decline_1m__logistic_regression__all,target_schedule_duration_months,0.005699872509996654,0.0020758106726640984
future_physical_progress_decline_1m__logistic_regression__all,elapsed_implementation_months,-0.009329842264376978,0.0037094779249434986
future_physical_progress_decline_1m__logistic_regression__all,project_age_months,0.009088285764715159,0.0009587176869152629
future_physical_progress_decline_1m__logistic_regression__all,expected_progress_by_time_pct,0.0011348792002693834,0.0002645147864863275
future_physical_progress_decline_1m__logistic_regression__all,progress_vs_expected_pct_points,-0.0001224584185242808,0.00014257745508714916
future_physical_progress_decline_1m__logistic_regression__all,expenditure_vs_expected_progress_pct_points,-0.00025736544618648675,0.0008831729299462378
future_physical_progress_decline_1m__logistic_regression__all,Agency,0.008658582205712683,0.005121809654351479
future_physical_progress_decline_1m__logistic_regression__all,State,-0.011259230656798968,0.0195410519971083
future_physical_progress_decline_1m__logistic_regression__all,Report_Month,0.0,0.0
future_physical_progress_decline_1m__logistic_regression__all,target_doc_month,0.0020791992163345457,0.0032685328524613916
future_physical_progress_decline_1m__logistic_regression__all,previous_report_month,-4.34676531745469e-05,0.00018566522589928236
future_physical_progress_decline_1m__random_forest__all,original_cost_cr,0.0008127082081993079,0.0016477787860913213
future_physical_progress_decline_1m__random_forest__all,cumulative_expenditure_cr,0.0009900226273337315,0.001187070927249516
future_physical_progress_decline_1m__random_forest__all,physical_progress_pct,-0.0031857709179283406,0.0025061358159296225
future_physical_progress_decline_1m__random_forest__all,report_month_gap,0.0,0.0
future_physical_progress_decline_1m__random_forest__all,physical_progress_lag_1,0.0,0.0
future_physical_progress_decline_1m__random_forest__all,physical_progress_change_1m,0.0,0.0
future_physical_progress_decline_1m__random_forest__all,physical_progress_acceleration_1m,0.0,0.0
future_physical_progress_decline_1m__random_forest__all,cumulative_expenditure_lag_1,0.0,0.0
future_physical_progress_decline_1m__random_forest__all,cumulative_expenditure_change_1m,0.0,0.0
future_physical_progress_decline_1m__random_forest__all,expenditure_pct_original_cost,-0.0005768442795985762,0.00032279735367033796
future_physical_progress_decline_1m__random_forest__all,target_schedule_duration_months,0.0017477212750496719,0.004010646795182694
future_physical_progress_decline_1m__random_forest__all,elapsed_implementation_months,0.000824630749995263,0.0006268550652599547
future_physical_progress_decline_1m__random_forest__all,project_age_months,0.008315536992431111,0.0013943534973347434
future_physical_progress_decline_1m__random_forest__all,expected_progress_by_time_pct,-0.0023211841204339194,0.0011813850710703114
future_physical_progress_decline_1m__random_forest__all,progress_vs_expected_pct_points,-0.0004688680253254307,0.0003323359207242699
future_physical_progress_decline_1m__random_forest__all,expenditure_vs_expected_progress_pct_points,0.000359223400288345,0.0008781207469134935
future_physical_progress_decline_1m__random_forest__all,Agency,0.0021475809366506534,0.00291920857704082
future_physical_progress_decline_1m__random_forest__all,State,0.0009690893978103784,0.0011464116205555242
future_physical_progress_decline_1m__random_forest__all,Report_Month,0.0,0.0
future_physical_progress_decline_1m__random_forest__all,target_doc_month,3.311195575614184e-05,0.0007365628396505835
future_physical_progress_decline_1m__random_forest__all,previous_report_month,0.0,0.0
future_physical_progress_decline_1m__hist_gradient_boosting__all,original_cost_cr,-0.0017537961086221971,0.0004807866268274462
future_physical_progress_decline_1m__hist_gradient_boosting__all,cumulative_expenditure_cr,-0.0019069087898306574,0.00039078431773443753
future_physical_progress_decline_1m__hist_gradient_boosting__all,physical_progress_pct,-0.0005154032325931101,0.0021808716078887966
future_physical_progress_decline_1m__hist_gradient_boosting__all,report_month_gap,0.0,0.0
future_physical_progress_decline_1m__hist_gradient_boosting__all,physical_progress_lag_1,0.0,0.0
future_physical_progress_decline_1m__hist_gradient_boosting__all,physical_progress_change_1m,0.0,0.0
future_physical_progress_decline_1m__hist_gradient_boosting__all,physical_progress_acceleration_1m,0.0,0.0
future_physical_progress_decline_1m__hist_gradient_boosting__all,cumulative_expenditure_lag_1,0.0,0.0
future_physical_progress_decline_1m__hist_gradient_boosting__all,cumulative_expenditure_change_1m,0.0,0.0
future_physical_progress_decline_1m__hist_gradient_boosting__all,expenditure_pct_original_cost,-0.0006093430448089653,0.0009192382263631649
future_physical_progress_decline_1m__hist_gradient_boosting__all,target_schedule_duration_months,0.0015593730355835916,0.00270167787451766
future_physical_progress_decline_1m__hist_gradient_boosting__all,elapsed_implementation_months,-5.9654028281976026e-05,0.0004353679516694261
future_physical_progress_decline_1m__hist_gradient_boosting__all,project_age_months,0.0043442389331117106,0.002216283269949618
future_physical_progress_decline_1m__hist_gradient_boosting__all,expected_progress_by_time_pct,-0.0010110816134546743,0.0008584298004686917
future_physical_progress_decline_1m__hist_gradient_boosting__all,progress_vs_expected_pct_points,-0.0011227305375534167,0.0002882632453058592
future_physical_progress_decline_1m__hist_gradient_boosting__all,expenditure_vs_expected_progress_pct_points,-0.00375522677083627,0.001965000623037577
future_physical_progress_decline_1m__hist_gradient_boosting__all,Agency,-0.000389616055361261,0.0002989943248189082
future_physical_progress_decline_1m__hist_gradient_boosting__all,State,0.0021852477115086753,0.0009455736759221396
future_physical_progress_decline_1m__hist_gradient_boosting__all,Report_Month,0.0,0.0
future_physical_progress_decline_1m__hist_gradient_boosting__all,target_doc_month,0.0002585425897520408,0.0001329185037431298
future_physical_progress_decline_1m__hist_gradient_boosting__all,previous_report_month,0.0,0.0
future_significant_progress_decline_2pp__logistic_regression__all,original_cost_cr,-0.0004983323894909023,0.00015262036191258254
future_significant_progress_decline_2pp__logistic_regression__all,cumulative_expenditure_cr,0.0003011992798187934,5.44654331676764e-05
future_significant_progress_decline_2pp__logistic_regression__all,physical_progress_pct,0.000993781171423042,0.0006468185153438926
future_significant_progress_decline_2pp__logistic_regression__all,report_month_gap,0.0,0.0
future_significant_progress_decline_2pp__logistic_regression__all,physical_progress_lag_1,0.0,0.0
future_significant_progress_decline_2pp__logistic_regression__all,physical_progress_change_1m,0.0,0.0
future_significant_progress_decline_2pp__logistic_regression__all,physical_progress_acceleration_1m,0.0,0.0
future_significant_progress_decline_2pp__logistic_regression__all,cumulative_expenditure_lag_1,0.0,0.0
future_significant_progress_decline_2pp__logistic_regression__all,cumulative_expenditure_change_1m,0.0,0.0
future_significant_progress_decline_2pp__logistic_regression__all,expenditure_pct_original_cost,-0.0006489167082856636,0.0002470722122801173
future_significant_progress_decline_2pp__logistic_regression__all,target_schedule_duration_months,0.0035280123261346246,0.00043720076658543294
future_significant_progress_decline_2pp__logistic_regression__all,elapsed_implementation_months,-0.007880521154197748,0.002687751372541351
future_significant_progress_decline_2pp__logistic_regression__all,project_age_months,0.0034580201144914975,0.0005822356620718967
future_significant_progress_decline_2pp__logistic_regression__all,expected_progress_by_time_pct,0.0009090170032768826,0.000592698827701498
future_significant_progress_decline_2pp__logistic_regression__all,progress_vs_expected_pct_points,-0.00023346898464954026,0.0002993923556959349
future_significant_progress_decline_2pp__logistic_regression__all,expenditure_vs_expected_progress_pct_points,-0.0005264331019065652,0.0004894453620650516
future_significant_progress_decline_2pp__logistic_regression__all,Agency,0.0032924444065505465,0.0007550771867874665
future_significant_progress_decline_2pp__logistic_regression__all,State,-0.0023603014704449907,0.004106056147916521
future_significant_progress_decline_2pp__logistic_regression__all,Report_Month,0.0,0.0
future_significant_progress_decline_2pp__logistic_regression__all,target_doc_month,-0.001997957007077969,0.0028326237927992774
future_significant_progress_decline_2pp__logistic_regression__all,previous_report_month,0.00019482674915957676,0.00041246878526510645
future_significant_progress_decline_2pp__random_forest__all,original_cost_cr,0.003298106325497011,0.0020084514098853406
future_significant_progress_decline_2pp__random_forest__all,cumulative_expenditure_cr,0.0002521705376628512,0.0007045361299401525
future_significant_progress_decline_2pp__random_forest__all,physical_progress_pct,0.0008934003112457984,0.0020577410690089215
future_significant_progress_decline_2pp__random_forest__all,report_month_gap,0.0,0.0
future_significant_progress_decline_2pp__random_forest__all,physical_progress_lag_1,0.0,0.0
future_significant_progress_decline_2pp__random_forest__all,physical_progress_change_1m,0.0,0.0
future_significant_progress_decline_2pp__random_forest__all,physical_progress_acceleration_1m,0.0,0.0
future_significant_progress_decline_2pp__random_forest__all,cumulative_expenditure_lag_1,0.0,0.0
future_significant_progress_decline_2pp__random_forest__all,cumulative_expenditure_change_1m,0.0,0.0
future_significant_progress_decline_2pp__random_forest__all,expenditure_pct_original_cost,0.00016423656707258426,0.0005661557532166298
future_significant_progress_decline_2pp__random_forest__all,target_schedule_duration_months,0.006648531383711331,0.0015868142685881229
future_significant_progress_decline_2pp__random_forest__all,elapsed_implementation_months,-0.00048095484983724476,0.001956411847406624
future_significant_progress_decline_2pp__random_forest__all,project_age_months,0.007520639906420909,0.0013861725637670354
future_significant_progress_decline_2pp__random_forest__all,expected_progress_by_time_pct,0.00059224161104901,0.0034082360747755037
future_significant_progress_decline_2pp__random_forest__all,progress_vs_expected_pct_points,-0.002176173805775855,0.0023353963924896567
future_significant_progress_decline_2pp__random_forest__all,expenditure_vs_expected_progress_pct_points,0.0014792858915872588,0.0007287275528716991
future_significant_progress_decline_2pp__random_forest__all,Agency,-0.0009081717870603586,0.003971475189826191
future_significant_progress_decline_2pp__random_forest__all,State,-0.006017317790669871,0.004644978734432457
future_significant_progress_decline_2pp__random_forest__all,Report_Month,0.0,0.0
future_significant_progress_decline_2pp__random_forest__all,target_doc_month,0.0005049489539243515,0.0005492446817418561
future_significant_progress_decline_2pp__random_forest__all,previous_report_month,0.0,0.0
future_significant_progress_decline_2pp__hist_gradient_boosting__all,original_cost_cr,0.003998444482600966,0.003341048976927416
future_significant_progress_decline_2pp__hist_gradient_boosting__all,cumulative_expenditure_cr,-0.0057411375095522054,0.0018542370062348153
future_significant_progress_decline_2pp__hist_gradient_boosting__all,physical_progress_pct,0.0016533210048285004,0.0008956099175578206
future_significant_progress_decline_2pp__hist_gradient_boosting__all,report_month_gap,0.0,0.0
future_significant_progress_decline_2pp__hist_gradient_boosting__all,physical_progress_lag_1,0.0,0.0
future_significant_progress_decline_2pp__hist_gradient_boosting__all,physical_progress_change_1m,0.0,0.0
future_significant_progress_decline_2pp__hist_gradient_boosting__all,physical_progress_acceleration_1m,0.0,0.0
future_significant_progress_decline_2pp__hist_gradient_boosting__all,cumulative_expenditure_lag_1,0.0,0.0
future_significant_progress_decline_2pp__hist_gradient_boosting__all,cumulative_expenditure_change_1m,0.0,0.0
future_significant_progress_decline_2pp__hist_gradient_boosting__all,expenditure_pct_original_cost,-3.887061763352545e-05,0.0009691683221162313
future_significant_progress_decline_2pp__hist_gradient_boosting__all,target_schedule_duration_months,0.008696932822271384,0.000806688779582079
future_significant_progress_decline_2pp__hist_gradient_boosting__all,elapsed_implementation_months,-0.0009754736239953439,0.0003638976291338698
future_significant_progress_decline_2pp__hist_gradient_boosting__all,project_age_months,0.009253296887810751,0.0023733219421860005
future_significant_progress_decline_2pp__hist_gradient_boosting__all,expected_progress_by_time_pct,0.002901103053401232,0.0039558788057347605
future_significant_progress_decline_2pp__hist_gradient_boosting__all,progress_vs_expected_pct_points,-0.0001497999818373664,0.0032703651875640484
future_significant_progress_decline_2pp__hist_gradient_boosting__all,expenditure_vs_expected_progress_pct_points,6.323528463755626e-05,0.001702597420398466
future_significant_progress_decline_2pp__hist_gradient_boosting__all,Agency,-0.0006389516974152715,0.0007698594789563887
future_significant_progress_decline_2pp__hist_gradient_boosting__all,State,0.001100710459851453,0.0019157683126638416
future_significant_progress_decline_2pp__hist_gradient_boosting__all,Report_Month,0.0,0.0
future_significant_progress_decline_2pp__hist_gradient_boosting__all,target_doc_month,0.0012399318638637948,0.0006645511527213187
future_significant_progress_decline_2pp__hist_gradient_boosting__all,previous_report_month,0.0,0.0
future_significant_progress_decline_5pp__logistic_regression__all,original_cost_cr,-0.0029003539017344745,0.0007156017143237318
future_significant_progress_decline_5pp__logistic_regression__all,cumulative_expenditure_cr,0.0008233662903049312,4.982539460663272e-05
future_significant_progress_decline_5pp__logistic_regression__all,physical_progress_pct,0.004275597399163273,0.0019024915657382074
future_significant_progress_decline_5pp__logistic_regression__all,report_month_gap,0.0,0.0
future_significant_progress_decline_5pp__logistic_regression__all,physical_progress_lag_1,0.0,0.0
future_significant_progress_decline_5pp__logistic_regression__all,physical_progress_change_1m,0.0,0.0
future_significant_progress_decline_5pp__logistic_regression__all,physical_progress_acceleration_1m,0.0,0.0
future_significant_progress_decline_5pp__logistic_regression__all,cumulative_expenditure_lag_1,0.0,0.0
future_significant_progress_decline_5pp__logistic_regression__all,cumulative_expenditure_change_1m,0.0,0.0
future_significant_progress_decline_5pp__logistic_regression__all,expenditure_pct_original_cost,-0.00017456229144877135,3.0579122568832376e-05
future_significant_progress_decline_5pp__logistic_regression__all,target_schedule_duration_months,0.006408862336675704,0.002150830193890912
future_significant_progress_decline_5pp__logistic_regression__all,elapsed_implementation_months,-0.009540602513158731,0.003294974863006833
future_significant_progress_decline_5pp__logistic_regression__all,project_age_months,0.007198122670066216,0.0006639165930452646
future_significant_progress_decline_5pp__logistic_regression__all,expected_progress_by_time_pct,0.0007137513700318458,0.0011181915747308453
future_significant_progress_decline_5pp__logistic_regression__all,progress_vs_expected_pct_points,0.002384717095549088,0.002785912931861846
future_significant_progress_decline_5pp__logistic_regression__all,expenditure_vs_expected_progress_pct_points,-0.0005352158222902993,0.0007814717660102612
future_significant_progress_decline_5pp__logistic_regression__all,Agency,0.006589275241620266,0.004941568236811008
future_significant_progress_decline_5pp__logistic_regression__all,State,0.002940478272380603,0.004014302264096427
future_significant_progress_decline_5pp__logistic_regression__all,Report_Month,0.0,0.0
future_significant_progress_decline_5pp__logistic_regression__all,target_doc_month,0.003647275664053971,0.0013368224621064788
future_significant_progress_decline_5pp__logistic_regression__all,previous_report_month,-5.425221847765033e-05,8.702436406126311e-05
future_significant_progress_decline_5pp__random_forest__all,original_cost_cr,0.018825737612248438,0.01035559178453466
future_significant_progress_decline_5pp__random_forest__all,cumulative_expenditure_cr,-0.00015076621856406207,0.015599356884059317
future_significant_progress_decline_5pp__random_forest__all,physical_progress_pct,0.004792460898733071,0.0020225177348392035
future_significant_progress_decline_5pp__random_forest__all,report_month_gap,0.0,0.0
future_significant_progress_decline_5pp__random_forest__all,physical_progress_lag_1,0.0,0.0
future_significant_progress_decline_5pp__random_forest__all,physical_progress_change_1m,0.0,0.0
future_significant_progress_decline_5pp__random_forest__all,physical_progress_acceleration_1m,0.0,0.0
future_significant_progress_decline_5pp__random_forest__all,cumulative_expenditure_lag_1,0.0,0.0
future_significant_progress_decline_5pp__random_forest__all,cumulative_expenditure_change_1m,0.0,0.0
future_significant_progress_decline_5pp__random_forest__all,expenditure_pct_original_cost,-0.00840873887900877,0.007862398893576069
future_significant_progress_decline_5pp__random_forest__all,target_schedule_duration_months,0.013767284839477627,0.025826201009771465
future_significant_progress_decline_5pp__random_forest__all,elapsed_implementation_months,0.0032556763218394027,0.0066973488092882325
future_significant_progress_decline_5pp__random_forest__all,project_age_months,0.018709568385783436,0.005629828056616881
future_significant_progress_decline_5pp__random_forest__all,expected_progress_by_time_pct,0.008885254106917814,0.01073999719048388
future_significant_progress_decline_5pp__random_forest__all,progress_vs_expected_pct_points,0.010695895509104445,0.009604846225560196
future_significant_progress_decline_5pp__random_forest__all,expenditure_vs_expected_progress_pct_points,-0.003817747275866032,0.018765239324056618
future_significant_progress_decline_5pp__random_forest__all,Agency,0.008856884611244897,0.014034971232753367
future_significant_progress_decline_5pp__random_forest__all,State,-0.018547797203132467,0.014131150610123887
future_significant_progress_decline_5pp__random_forest__all,Report_Month,0.0,0.0
future_significant_progress_decline_5pp__random_forest__all,target_doc_month,0.0015413324128235538,0.004805737518893239
future_significant_progress_decline_5pp__random_forest__all,previous_report_month,0.0,0.0
future_significant_progress_decline_5pp__hist_gradient_boosting__all,original_cost_cr,0.014742059144635292,0.0044863118645214785
future_significant_progress_decline_5pp__hist_gradient_boosting__all,cumulative_expenditure_cr,0.00406492174494966,0.0014041557113752534
future_significant_progress_decline_5pp__hist_gradient_boosting__all,physical_progress_pct,-0.01256492799199337,0.01259782048053608
future_significant_progress_decline_5pp__hist_gradient_boosting__all,report_month_gap,0.0,0.0
future_significant_progress_decline_5pp__hist_gradient_boosting__all,physical_progress_lag_1,0.0,0.0
future_significant_progress_decline_5pp__hist_gradient_boosting__all,physical_progress_change_1m,0.0,0.0
future_significant_progress_decline_5pp__hist_gradient_boosting__all,physical_progress_acceleration_1m,0.0,0.0
future_significant_progress_decline_5pp__hist_gradient_boosting__all,cumulative_expenditure_lag_1,0.0,0.0
future_significant_progress_decline_5pp__hist_gradient_boosting__all,cumulative_expenditure_change_1m,0.0,0.0
future_significant_progress_decline_5pp__hist_gradient_boosting__all,expenditure_pct_original_cost,-0.0018913280936268164,0.007459027733562404
future_significant_progress_decline_5pp__hist_gradient_boosting__all,target_schedule_duration_months,0.02057835355730675,0.0017027730114200132
future_significant_progress_decline_5pp__hist_gradient_boosting__all,elapsed_implementation_months,0.002565760106249413,0.0011013733918193928
future_significant_progress_decline_5pp__hist_gradient_boosting__all,project_age_months,0.011869816672089594,0.0012990026932953793
future_significant_progress_decline_5pp__hist_gradient_boosting__all,expected_progress_by_time_pct,-0.0008669448361246252,0.0009452639158634413
future_significant_progress_decline_5pp__hist_gradient_boosting__all,progress_vs_expected_pct_points,0.006085737578535304,0.004650976096546282
future_significant_progress_decline_5pp__hist_gradient_boosting__all,expenditure_vs_expected_progress_pct_points,0.004124753604280781,0.005758328031974766
future_significant_progress_decline_5pp__hist_gradient_boosting__all,Agency,-0.0044619640264877145,0.0019991812471248315
future_significant_progress_decline_5pp__hist_gradient_boosting__all,State,-0.00654400587561414,0.003965413836909654
future_significant_progress_decline_5pp__hist_gradient_boosting__all,Report_Month,0.0,0.0
future_significant_progress_decline_5pp__hist_gradient_boosting__all,target_doc_month,0.002625658933597338,0.0010511431336694757
future_significant_progress_decline_5pp__hist_gradient_boosting__all,previous_report_month,0.0,0.0
